motif_DB	motif_ID	seq_ID	FASTA_score	PWM_score	class
/pine/scr/s/n/snystrom/br-cut-n-run-all/Data/fly_factor_survey_id.meme	Adf1_SANGER_5	chrX:2283773-2283972	2316	565.987	fp
/pine/scr/s/n/snystrom/br-cut-n-run-all/Data/fly_factor_survey_id.meme	Adf1_SANGER_5	chr3R:6248659-6248858	772	489.535	tp
/pine/scr/s/n/snystrom/br-cut-n-run-all/Data/fly_factor_survey_id.meme	Adf1_SANGER_5	chrX:12755702-12755901	209	384.516	tp
/pine/scr/s/n/snystrom/br-cut-n-run-all/Data/fly_factor_survey_id.meme	Adf1_SANGER_5	chr2R:12958885-12959084	468	383.922	tp
/pine/scr/s/n/snystrom/br-cut-n-run-all/Data/fly_factor_survey_id.meme	Adf1_SANGER_5	chr2R:20111267-20111466	64	328.055	tp
/pine/scr/s/n/snystrom/br-cut-n-run-all/Data/fly_factor_survey_id.meme	Adf1_SANGER_5	chr2R:21075716-21075915	1212	239.682	tp
/pine/scr/s/n/snystrom/br-cut-n-run-all/Data/fly_factor_survey_id.meme	Adf1_SANGER_5	chr2L:4811657-4811856	21	236.427	tp
/pine/scr/s/n/snystrom/br-cut-n-run-all/Data/fly_factor_survey_id.meme	Adf1_SANGER_5	chr3L:19560683-19560882	730	160.339	tp
/pine/scr/s/n/snystrom/br-cut-n-run-all/Data/fly_factor_survey_id.meme	Adf1_SANGER_5	chr2R:17835879-17836078	517	160.065	tp
/pine/scr/s/n/snystrom/br-cut-n-run-all/Data/fly_factor_survey_id.meme	Adf1_SANGER_5	chr2R:12905160-12905359	467	145.907	tp
/pine/scr/s/n/snystrom/br-cut-n-run-all/Data/fly_factor_survey_id.meme	Adf1_SANGER_5	chr2R:21704572-21704771	67	141.672	tp
/pine/scr/s/n/snystrom/br-cut-n-run-all/Data/fly_factor_survey_id.meme	Adf1_SANGER_5	chr2R:14212503-14212702	489	139.292	tp
/pine/scr/s/n/snystrom/br-cut-n-run-all/Data/fly_factor_survey_id.meme	Adf1_SANGER_5	chr2R:23727100-23727299	564	138.269	tp
/pine/scr/s/n/snystrom/br-cut-n-run-all/Data/fly_factor_survey_id.meme	Adf1_SANGER_5	chrX:7307737-7307936	193	138.034	tp
/pine/scr/s/n/snystrom/br-cut-n-run-all/Data/fly_factor_survey_id.meme	Adf1_SANGER_5	chr2R:4867034-4867233	407	120.535	tp
/pine/scr/s/n/snystrom/br-cut-n-run-all/Data/fly_factor_survey_id.meme	Adf1_SANGER_5	chrX:15163177-15163376	1078	109.07	tp
/pine/scr/s/n/snystrom/br-cut-n-run-all/Data/fly_factor_survey_id.meme	Adf1_SANGER_5	chr3R:31608663-31608862	1310	94.2061	tp
/pine/scr/s/n/snystrom/br-cut-n-run-all/Data/fly_factor_survey_id.meme	Adf1_SANGER_5	chr2L:16269533-16269732	1382	81.001	fp
/pine/scr/s/n/snystrom/br-cut-n-run-all/Data/fly_factor_survey_id.meme	Adf1_SANGER_5	chr3L:18241292-18241491	718	79.3642	tp
/pine/scr/s/n/snystrom/br-cut-n-run-all/Data/fly_factor_survey_id.meme	Adf1_SANGER_5	chr2R:14207517-14207716	1839	78.9405	fp
/pine/scr/s/n/snystrom/br-cut-n-run-all/Data/fly_factor_survey_id.meme	Adf1_SANGER_5	chr2R:18156947-18157146	519	77.025	tp
/pine/scr/s/n/snystrom/br-cut-n-run-all/Data/fly_factor_survey_id.meme	Adf1_SANGER_5	chr3L:19172194-19172393	118	73.4591	tp
/pine/scr/s/n/snystrom/br-cut-n-run-all/Data/fly_factor_survey_id.meme	Adf1_SANGER_5	chr3L:19556754-19556953	235	68.0372	tp
/pine/scr/s/n/snystrom/br-cut-n-run-all/Data/fly_factor_survey_id.meme	Adf1_SANGER_5	chr2R:17801925-17802124	59	66.6695	tp
/pine/scr/s/n/snystrom/br-cut-n-run-all/Data/fly_factor_survey_id.meme	Adf1_SANGER_5	chr3R:16237016-16237215	2207	59.858	fp
/pine/scr/s/n/snystrom/br-cut-n-run-all/Data/fly_factor_survey_id.meme	Adf1_SANGER_5	chrX:2646501-2646700	971	58.0713	tp
/pine/scr/s/n/snystrom/br-cut-n-run-all/Data/fly_factor_survey_id.meme	Adf1_SANGER_5	chr3R:27745757-27745956	920	50.6972	tp
/pine/scr/s/n/snystrom/br-cut-n-run-all/Data/fly_factor_survey_id.meme	Adf1_SANGER_5	chrX:3150970-3151169	978	50.6785	tp
/pine/scr/s/n/snystrom/br-cut-n-run-all/Data/fly_factor_survey_id.meme	Adf1_SANGER_5	chrX:14483301-14483500	1074	48.9358	tp
/pine/scr/s/n/snystrom/br-cut-n-run-all/Data/fly_factor_survey_id.meme	Adf1_SANGER_5	chr2R:17458557-17458756	511	47.8669	tp
/pine/scr/s/n/snystrom/br-cut-n-run-all/Data/fly_factor_survey_id.meme	Adf1_SANGER_5	chr2R:15484838-15485037	498	46.0811	tp
/pine/scr/s/n/snystrom/br-cut-n-run-all/Data/fly_factor_survey_id.meme	Adf1_SANGER_5	chr2R:24983307-24983506	1923	43.2688	fp
/pine/scr/s/n/snystrom/br-cut-n-run-all/Data/fly_factor_survey_id.meme	Adf1_SANGER_5	chr3L:22179988-22180187	1267	41.5914	tp
/pine/scr/s/n/snystrom/br-cut-n-run-all/Data/fly_factor_survey_id.meme	Adf1_SANGER_5	chr3R:5080548-5080747	2114	40.7473	fp
/pine/scr/s/n/snystrom/br-cut-n-run-all/Data/fly_factor_survey_id.meme	Adf1_SANGER_5	chr3R:9534646-9534845	800	35.9377	tp
/pine/scr/s/n/snystrom/br-cut-n-run-all/Data/fly_factor_survey_id.meme	Adf1_SANGER_5	chr2L:5292970-5293169	1163	35.635	tp
/pine/scr/s/n/snystrom/br-cut-n-run-all/Data/fly_factor_survey_id.meme	Adf1_SANGER_5	chr3R:16241271-16241470	858	35.5654	tp
/pine/scr/s/n/snystrom/br-cut-n-run-all/Data/fly_factor_survey_id.meme	Adf1_SANGER_5	chr3R:8955503-8955702	790	32.1384	tp
/pine/scr/s/n/snystrom/br-cut-n-run-all/Data/fly_factor_survey_id.meme	Adf1_SANGER_5	chr3L:11365284-11365483	95	31.9213	tp
/pine/scr/s/n/snystrom/br-cut-n-run-all/Data/fly_factor_survey_id.meme	Adf1_SANGER_5	chr3R:21837543-21837742	886	31.452	tp
/pine/scr/s/n/snystrom/br-cut-n-run-all/Data/fly_factor_survey_id.meme	Adf1_SANGER_5	chr2L:5301414-5301613	323	30.1644	tp
/pine/scr/s/n/snystrom/br-cut-n-run-all/Data/fly_factor_survey_id.meme	Adf1_SANGER_5	chr3L:11246423-11246622	1444	29.8477	fp
/pine/scr/s/n/snystrom/br-cut-n-run-all/Data/fly_factor_survey_id.meme	Adf1_SANGER_5	chr2R:6515715-6515914	1766	28.6382	fp
/pine/scr/s/n/snystrom/br-cut-n-run-all/Data/fly_factor_survey_id.meme	Adf1_SANGER_5	chr2L:14024282-14024481	2525	28.029	fp
/pine/scr/s/n/snystrom/br-cut-n-run-all/Data/fly_factor_survey_id.meme	Adf1_SANGER_5	chrX:12579993-12580192	206	24.9298	tp
/pine/scr/s/n/snystrom/br-cut-n-run-all/Data/fly_factor_survey_id.meme	Adf1_SANGER_5	chrX:13114234-13114433	1061	23.3815	tp
/pine/scr/s/n/snystrom/br-cut-n-run-all/Data/fly_factor_survey_id.meme	Adf1_SANGER_5	chr3L:5184758-5184957	218	21.0967	tp
/pine/scr/s/n/snystrom/br-cut-n-run-all/Data/fly_factor_survey_id.meme	Adf1_SANGER_5	chrX:7300717-7300916	1540	20.4702	fp
/pine/scr/s/n/snystrom/br-cut-n-run-all/Data/fly_factor_survey_id.meme	Adf1_SANGER_5	chrX:6862674-6862873	187	20.0315	tp
/pine/scr/s/n/snystrom/br-cut-n-run-all/Data/fly_factor_survey_id.meme	Adf1_SANGER_5	chr3L:12692879-12693078	98	19.1852	tp
/pine/scr/s/n/snystrom/br-cut-n-run-all/Data/fly_factor_survey_id.meme	Adf1_SANGER_5	chr2R:18307126-18307325	522	18.9542	tp
/pine/scr/s/n/snystrom/br-cut-n-run-all/Data/fly_factor_survey_id.meme	Adf1_SANGER_5	chr2R:23224777-23224976	557	16.6529	tp
/pine/scr/s/n/snystrom/br-cut-n-run-all/Data/fly_factor_survey_id.meme	Adf1_SANGER_5	chr2R:10225444-10225643	439	15.858	tp
/pine/scr/s/n/snystrom/br-cut-n-run-all/Data/fly_factor_survey_id.meme	Adf1_SANGER_5	chr3L:12690947-12691146	1242	15.8258	tp
/pine/scr/s/n/snystrom/br-cut-n-run-all/Data/fly_factor_survey_id.meme	Adf1_SANGER_5	chr3L:18771580-18771779	722	13.9119	tp
/pine/scr/s/n/snystrom/br-cut-n-run-all/Data/fly_factor_survey_id.meme	Adf1_SANGER_5	chr3L:21025500-21025699	2613	13.3114	fp
/pine/scr/s/n/snystrom/br-cut-n-run-all/Data/fly_factor_survey_id.meme	Adf1_SANGER_5	chrX:3024538-3024737	2326	13.0867	fp
/pine/scr/s/n/snystrom/br-cut-n-run-all/Data/fly_factor_survey_id.meme	Adf1_SANGER_5	chrX:2300993-2301192	967	12.0968	tp
/pine/scr/s/n/snystrom/br-cut-n-run-all/Data/fly_factor_survey_id.meme	Adf1_SANGER_5	chr3L:565018-565217	1930	11.9954	fp
/pine/scr/s/n/snystrom/br-cut-n-run-all/Data/fly_factor_survey_id.meme	Adf1_SANGER_5	chr3L:10855506-10855705	92	11.561	tp
/pine/scr/s/n/snystrom/br-cut-n-run-all/Data/fly_factor_survey_id.meme	Adf1_SANGER_5	chr3L:11324541-11324740	662	10.8901	tp
/pine/scr/s/n/snystrom/br-cut-n-run-all/Data/fly_factor_survey_id.meme	Adf1_SANGER_5	chr2R:8061475-8061674	425	10.8322	tp
/pine/scr/s/n/snystrom/br-cut-n-run-all/Data/fly_factor_survey_id.meme	Adf1_SANGER_5	chr2L:530566-530765	297	10.8281	tp
/pine/scr/s/n/snystrom/br-cut-n-run-all/Data/fly_factor_survey_id.meme	Adf1_SANGER_5	chr3L:3081238-3081437	1226	10.6563	tp
/pine/scr/s/n/snystrom/br-cut-n-run-all/Data/fly_factor_survey_id.meme	Adf1_SANGER_5	chrX:12747949-12748148	1060	10.3796	tp
/pine/scr/s/n/snystrom/br-cut-n-run-all/Data/fly_factor_survey_id.meme	Adf1_SANGER_5	chr3L:11381250-11381449	665	9.87958	tp
/pine/scr/s/n/snystrom/br-cut-n-run-all/Data/fly_factor_survey_id.meme	Adf1_SANGER_5	chrX:23274070-23274269	1123	9.65294	tp
/pine/scr/s/n/snystrom/br-cut-n-run-all/Data/fly_factor_survey_id.meme	Adf1_SANGER_5	chr2R:21545682-21545881	1895	9.3262	fp
/pine/scr/s/n/snystrom/br-cut-n-run-all/Data/fly_factor_survey_id.meme	Adf1_SANGER_5	chrX:8193204-8193403	1023	8.54379	tp
/pine/scr/s/n/snystrom/br-cut-n-run-all/Data/fly_factor_survey_id.meme	Adf1_SANGER_5	chrX:3346551-3346750	980	8.39573	tp
/pine/scr/s/n/snystrom/br-cut-n-run-all/Data/fly_factor_survey_id.meme	Adf1_SANGER_5	chr2R:10694278-10694477	448	7.69445	tp
/pine/scr/s/n/snystrom/br-cut-n-run-all/Data/fly_factor_survey_id.meme	Adf1_SANGER_5	chr3L:17566491-17566690	705	7.27373	tp
/pine/scr/s/n/snystrom/br-cut-n-run-all/Data/fly_factor_survey_id.meme	Adf1_SANGER_5	chr3L:12081653-12081852	2019	7.1926	fp
/pine/scr/s/n/snystrom/br-cut-n-run-all/Data/fly_factor_survey_id.meme	Adf1_SANGER_5	chr3R:18146798-18146997	866	7.07041	tp
/pine/scr/s/n/snystrom/br-cut-n-run-all/Data/fly_factor_survey_id.meme	Adf1_SANGER_5	chr3R:10573725-10573924	2158	7.03421	fp
/pine/scr/s/n/snystrom/br-cut-n-run-all/Data/fly_factor_survey_id.meme	Adf1_SANGER_5	chrX:5042071-5042270	1002	6.95304	tp
/pine/scr/s/n/snystrom/br-cut-n-run-all/Data/fly_factor_survey_id.meme	Adf1_SANGER_5	chrX:11779064-11779263	2397	6.79344	fp
/pine/scr/s/n/snystrom/br-cut-n-run-all/Data/fly_factor_survey_id.meme	Adf1_SANGER_5	chr2R:9551775-9551974	434	6.3972	tp
/pine/scr/s/n/snystrom/br-cut-n-run-all/Data/fly_factor_survey_id.meme	Adf1_SANGER_5	chrX:3747063-3747262	987	6.32008	tp
/pine/scr/s/n/snystrom/br-cut-n-run-all/Data/fly_factor_survey_id.meme	Adf1_SANGER_5	chr2L:5254497-5254696	320	6.2018	tp
/pine/scr/s/n/snystrom/br-cut-n-run-all/Data/fly_factor_survey_id.meme	Adf1_SANGER_5	chr3R:26006146-26006345	2258	5.9287	fp
/pine/scr/s/n/snystrom/br-cut-n-run-all/Data/fly_factor_survey_id.meme	Adf1_SANGER_5	chr2R:10871483-10871682	1801	5.81014	fp
/pine/scr/s/n/snystrom/br-cut-n-run-all/Data/fly_factor_survey_id.meme	Adf1_SANGER_5	chr2R:14964695-14964894	55	4.83323	tp
/pine/scr/s/n/snystrom/br-cut-n-run-all/Data/fly_factor_survey_id.meme	Adf1_SANGER_5	chr2R:11188633-11188832	1804	4.68662	fp
/pine/scr/s/n/snystrom/br-cut-n-run-all/Data/fly_factor_survey_id.meme	Adf1_SANGER_5	chrX:1578439-1578638	1145	4.62481	tp
/pine/scr/s/n/snystrom/br-cut-n-run-all/Data/fly_factor_survey_id.meme	Adf1_SANGER_5	chr2R:9005661-9005860	2541	4.60142	fp
/pine/scr/s/n/snystrom/br-cut-n-run-all/Data/fly_factor_survey_id.meme	Adf1_SANGER_5	chr2R:7289498-7289697	2538	4.51737	fp
/pine/scr/s/n/snystrom/br-cut-n-run-all/Data/fly_factor_survey_id.meme	Adf1_SANGER_5	chrX:12755702-12755901	1560	4.43294	fp
/pine/scr/s/n/snystrom/br-cut-n-run-all/Data/fly_factor_survey_id.meme	Adf1_SANGER_5	chr3L:11329238-11329437	94	4.26477	tp
/pine/scr/s/n/snystrom/br-cut-n-run-all/Data/fly_factor_survey_id.meme	Adf1_SANGER_5	chr3R:30272972-30273171	1144	4.04515	tp
/pine/scr/s/n/snystrom/br-cut-n-run-all/Data/fly_factor_survey_id.meme	Adf1_SANGER_5	chr3R:9902629-9902828	2154	3.99953	fp
/pine/scr/s/n/snystrom/br-cut-n-run-all/Data/fly_factor_survey_id.meme	Adf1_SANGER_5	chr2L:1409277-1409476	1156	3.89381	tp
/pine/scr/s/n/snystrom/br-cut-n-run-all/Data/fly_factor_survey_id.meme	Adf1_SANGER_5	chr3R:17056455-17056654	862	3.88407	tp
/pine/scr/s/n/snystrom/br-cut-n-run-all/Data/fly_factor_survey_id.meme	Adf1_SANGER_5	chr3L:16178577-16178776	2600	3.73877	fp
/pine/scr/s/n/snystrom/br-cut-n-run-all/Data/fly_factor_survey_id.meme	Adf1_SANGER_5	chr3R:12280855-12281054	2635	3.67653	fp
/pine/scr/s/n/snystrom/br-cut-n-run-all/Data/fly_factor_survey_id.meme	Adf1_SANGER_5	chr2L:442497-442696	15	3.58401	tp
/pine/scr/s/n/snystrom/br-cut-n-run-all/Data/fly_factor_survey_id.meme	Adf1_SANGER_5	chr2R:9442852-9443051	1397	3.33592	fp
/pine/scr/s/n/snystrom/br-cut-n-run-all/Data/fly_factor_survey_id.meme	Adf1_SANGER_5	chrX:3408008-3408207	981	3.266	tp
/pine/scr/s/n/snystrom/br-cut-n-run-all/Data/fly_factor_survey_id.meme	Adf1_SANGER_5	chr3R:24767803-24768002	2254	3.25504	fp
/pine/scr/s/n/snystrom/br-cut-n-run-all/Data/fly_factor_survey_id.meme	Adf1_SANGER_5	chr2R:15930108-15930307	504	3.1161	tp
/pine/scr/s/n/snystrom/br-cut-n-run-all/Data/fly_factor_survey_id.meme	Adf1_SANGER_5	chr2R:12586813-12587012	51	3.08012	tp
/pine/scr/s/n/snystrom/br-cut-n-run-all/Data/fly_factor_survey_id.meme	Adf1_SANGER_5	chr3R:6234821-6235020	771	3.0141	tp
/pine/scr/s/n/snystrom/br-cut-n-run-all/Data/fly_factor_survey_id.meme	Adf1_SANGER_5	chr3L:17577791-17577990	234	2.95211	tp
/pine/scr/s/n/snystrom/br-cut-n-run-all/Data/fly_factor_survey_id.meme	Adf1_SANGER_5	chr3L:13881800-13881999	2030	2.89507	fp
/pine/scr/s/n/snystrom/br-cut-n-run-all/Data/fly_factor_survey_id.meme	Adf1_SANGER_5	chrX:18668214-18668413	1101	2.89355	tp
/pine/scr/s/n/snystrom/br-cut-n-run-all/Data/fly_factor_survey_id.meme	Adf1_SANGER_5	chr3L:16272332-16272531	1138	2.81315	tp
/pine/scr/s/n/snystrom/br-cut-n-run-all/Data/fly_factor_survey_id.meme	Adf1_SANGER_5	chr2R:14484930-14485129	54	2.80478	tp
/pine/scr/s/n/snystrom/br-cut-n-run-all/Data/fly_factor_survey_id.meme	Adf1_SANGER_5	chrX:19153507-19153706	2453	2.78211	fp
/pine/scr/s/n/snystrom/br-cut-n-run-all/Data/fly_factor_survey_id.meme	Adf1_SANGER_5	chr3R:9229382-9229581	134	2.62518	tp
/pine/scr/s/n/snystrom/br-cut-n-run-all/Data/fly_factor_survey_id.meme	Adf1_SANGER_5	chr2R:6157088-6157287	1186	2.53879	tp
/pine/scr/s/n/snystrom/br-cut-n-run-all/Data/fly_factor_survey_id.meme	Adf1_SANGER_5	chr3L:21052399-21052598	2088	2.39469	fp
/pine/scr/s/n/snystrom/br-cut-n-run-all/Data/fly_factor_survey_id.meme	Adf1_SANGER_5	chr3R:16280345-16280544	151	2.37265	tp
/pine/scr/s/n/snystrom/br-cut-n-run-all/Data/fly_factor_survey_id.meme	Adf1_SANGER_5	chrX:18267181-18267380	1345	2.35219	tp
/pine/scr/s/n/snystrom/br-cut-n-run-all/Data/fly_factor_survey_id.meme	Adf1_SANGER_5	chr3R:27200963-27201162	917	2.29853	tp
/pine/scr/s/n/snystrom/br-cut-n-run-all/Data/fly_factor_survey_id.meme	Adf1_SANGER_5	chrX:14481678-14481877	2424	2.19267	fp
/pine/scr/s/n/snystrom/br-cut-n-run-all/Data/fly_factor_survey_id.meme	Adf1_SANGER_5	chr3R:7024910-7025109	1276	2.08451	tp
/pine/scr/s/n/snystrom/br-cut-n-run-all/Data/fly_factor_survey_id.meme	Adf1_SANGER_5	chr3R:21606658-21606857	882	2.07265	tp
/pine/scr/s/n/snystrom/br-cut-n-run-all/Data/fly_factor_survey_id.meme	Adf1_SANGER_5	chr2R:19617131-19617330	531	2.06371	tp
/pine/scr/s/n/snystrom/br-cut-n-run-all/Data/fly_factor_survey_id.meme	Adf1_SANGER_5	chr3L:10761057-10761256	1998	1.98623	fp
/pine/scr/s/n/snystrom/br-cut-n-run-all/Data/fly_factor_survey_id.meme	Adf1_SANGER_5	chr2R:21702938-21703137	231	1.93211	tp
/pine/scr/s/n/snystrom/br-cut-n-run-all/Data/fly_factor_survey_id.meme	Adf1_SANGER_5	chr3L:11206433-11206632	2010	1.90727	fp
/pine/scr/s/n/snystrom/br-cut-n-run-all/Data/fly_factor_survey_id.meme	Adf1_SANGER_5	chr3L:16175238-16175437	698	1.90334	tp
/pine/scr/s/n/snystrom/br-cut-n-run-all/Data/fly_factor_survey_id.meme	Adf1_SANGER_5	chrX:3694857-3695056	2337	1.78144	fp
/pine/scr/s/n/snystrom/br-cut-n-run-all/Data/fly_factor_survey_id.meme	Adf1_SANGER_5	chrX:19887048-19887247	1115	1.72247	tp
/pine/scr/s/n/snystrom/br-cut-n-run-all/Data/fly_factor_survey_id.meme	Adf1_SANGER_5	chrX:8410554-8410753	1026	1.70654	tp
/pine/scr/s/n/snystrom/br-cut-n-run-all/Data/fly_factor_survey_id.meme	Adf1_SANGER_5	chr3L:14177849-14178048	1245	1.67492	tp
/pine/scr/s/n/snystrom/br-cut-n-run-all/Data/fly_factor_survey_id.meme	Adf1_SANGER_5	chr3R:8945650-8945849	789	1.56762	tp
/pine/scr/s/n/snystrom/br-cut-n-run-all/Data/fly_factor_survey_id.meme	Adf1_SANGER_5	chrX:3474988-3475187	982	1.50016	tp
/pine/scr/s/n/snystrom/br-cut-n-run-all/Data/fly_factor_survey_id.meme	Adf1_SANGER_5	chr3R:21948640-21948839	2652	1.49963	fp
/pine/scr/s/n/snystrom/br-cut-n-run-all/Data/fly_factor_survey_id.meme	Adf1_SANGER_5	chr3L:12703017-12703216	671	1.47591	tp
/pine/scr/s/n/snystrom/br-cut-n-run-all/Data/fly_factor_survey_id.meme	Adf1_SANGER_5	chr3R:14017706-14017905	837	1.46697	tp
/pine/scr/s/n/snystrom/br-cut-n-run-all/Data/fly_factor_survey_id.meme	Adf1_SANGER_5	chr2R:20111267-20111466	1415	1.45739	fp
/pine/scr/s/n/snystrom/br-cut-n-run-all/Data/fly_factor_survey_id.meme	Adf1_SANGER_5	chr2L:13665619-13665818	356	1.45721	tp
/pine/scr/s/n/snystrom/br-cut-n-run-all/Data/fly_factor_survey_id.meme	Adf1_SANGER_5	chr3R:10587012-10587211	808	1.45256	tp
/pine/scr/s/n/snystrom/br-cut-n-run-all/Data/fly_factor_survey_id.meme	Adf1_SANGER_5	chr3R:6298790-6298989	774	1.43178	tp
/pine/scr/s/n/snystrom/br-cut-n-run-all/Data/fly_factor_survey_id.meme	Adf1_SANGER_5	chr3L:22389419-22389618	2096	1.38277	fp
/pine/scr/s/n/snystrom/br-cut-n-run-all/Data/fly_factor_survey_id.meme	Adf1_SANGER_5	chr3R:16209507-16209706	1498	1.37547	fp
/pine/scr/s/n/snystrom/br-cut-n-run-all/Data/fly_factor_survey_id.meme	Adf1_SANGER_5	chr3L:16043503-16043702	220	1.35695	tp
/pine/scr/s/n/snystrom/br-cut-n-run-all/Data/fly_factor_survey_id.meme	Adf1_SANGER_5	chr3R:10588710-10588909	809	1.32469	tp
/pine/scr/s/n/snystrom/br-cut-n-run-all/Data/fly_factor_survey_id.meme	Adf1_SANGER_5	chrX:22277445-22277644	1118	1.31703	tp
/pine/scr/s/n/snystrom/br-cut-n-run-all/Data/fly_factor_survey_id.meme	Adf1_SANGER_5	chrX:21103965-21104164	1116	1.30758	tp
/pine/scr/s/n/snystrom/br-cut-n-run-all/Data/fly_factor_survey_id.meme	Adf1_SANGER_5	chr2L:14557813-14558012	360	1.297	tp
/pine/scr/s/n/snystrom/br-cut-n-run-all/Data/fly_factor_survey_id.meme	Adf1_SANGER_5	chrX:14134008-14134207	2693	1.29199	fp
/pine/scr/s/n/snystrom/br-cut-n-run-all/Data/fly_factor_survey_id.meme	Adf1_SANGER_5	chr2R:24942895-24943094	570	1.2887	tp
/pine/scr/s/n/snystrom/br-cut-n-run-all/Data/fly_factor_survey_id.meme	Adf1_SANGER_5	chr3L:10854539-10854738	652	1.26898	tp
/pine/scr/s/n/snystrom/br-cut-n-run-all/Data/fly_factor_survey_id.meme	Adf1_SANGER_5	chr3R:6234821-6235020	2122	1.26318	fp
/pine/scr/s/n/snystrom/br-cut-n-run-all/Data/fly_factor_survey_id.meme	Adf1_SANGER_5	chr2R:12984771-12984970	1823	1.24343	fp
/pine/scr/s/n/snystrom/br-cut-n-run-all/Data/fly_factor_survey_id.meme	Adf1_SANGER_5	chrX:23472370-23472569	1638	1.24169	fp
/pine/scr/s/n/snystrom/br-cut-n-run-all/Data/fly_factor_survey_id.meme	Adf1_SANGER_5	chr3R:20774196-20774395	879	1.24089	tp
/pine/scr/s/n/snystrom/br-cut-n-run-all/Data/fly_factor_survey_id.meme	Adf1_SANGER_5	chr3L:14634235-14634434	686	1.23491	tp
/pine/scr/s/n/snystrom/br-cut-n-run-all/Data/fly_factor_survey_id.meme	Adf1_SANGER_5	chr2L:225067-225266	13	1.19895	tp
/pine/scr/s/n/snystrom/br-cut-n-run-all/Data/fly_factor_survey_id.meme	Adf1_SANGER_5	chr3L:10739063-10739262	89	1.18488	tp
/pine/scr/s/n/snystrom/br-cut-n-run-all/Data/fly_factor_survey_id.meme	Adf1_SANGER_5	chr3R:5043246-5043445	132	1.17568	tp
/pine/scr/s/n/snystrom/br-cut-n-run-all/Data/fly_factor_survey_id.meme	Adf1_SANGER_5	chr3R:8119857-8120056	784	1.1728	tp
/pine/scr/s/n/snystrom/br-cut-n-run-all/Data/fly_factor_survey_id.meme	Adf1_SANGER_5	chr3L:11384210-11384409	667	1.17124	tp
/pine/scr/s/n/snystrom/br-cut-n-run-all/Data/fly_factor_survey_id.meme	Adf1_SANGER_5	chrX:13404430-13404629	1065	1.16122	tp
#
/pine/scr/s/n/snystrom/br-cut-n-run-all/Data/fly_factor_survey_id.meme	br-Z3_FlyReg	chrX:10772225-10772424	1040	11.1869	tp
/pine/scr/s/n/snystrom/br-cut-n-run-all/Data/fly_factor_survey_id.meme	br-Z3_FlyReg	chr2L:2202281-2202480	307	10.0627	tp
/pine/scr/s/n/snystrom/br-cut-n-run-all/Data/fly_factor_survey_id.meme	br-Z3_FlyReg	chr2R:9441588-9441787	45	9.94635	tp
/pine/scr/s/n/snystrom/br-cut-n-run-all/Data/fly_factor_survey_id.meme	br-Z3_FlyReg	chr2R:7252434-7252633	420	9.19507	tp
/pine/scr/s/n/snystrom/br-cut-n-run-all/Data/fly_factor_survey_id.meme	br-Z3_FlyReg	chrX:9235277-9235476	1576	8.49916	fp
/pine/scr/s/n/snystrom/br-cut-n-run-all/Data/fly_factor_survey_id.meme	br-Z3_FlyReg	chr3R:9056027-9056226	796	8.08218	tp
/pine/scr/s/n/snystrom/br-cut-n-run-all/Data/fly_factor_survey_id.meme	br-Z3_FlyReg	chrX:58857-59056	1526	7.91205	fp
/pine/scr/s/n/snystrom/br-cut-n-run-all/Data/fly_factor_survey_id.meme	br-Z3_FlyReg	chrX:12751854-12752053	1559	7.58346	fp
/pine/scr/s/n/snystrom/br-cut-n-run-all/Data/fly_factor_survey_id.meme	br-Z3_FlyReg	chrX:10479157-10479356	1038	7.40012	tp
/pine/scr/s/n/snystrom/br-cut-n-run-all/Data/fly_factor_survey_id.meme	br-Z3_FlyReg	chr3L:24673088-24673287	2102	7.38317	fp
/pine/scr/s/n/snystrom/br-cut-n-run-all/Data/fly_factor_survey_id.meme	br-Z3_FlyReg	chr2L:6472921-6473120	327	7.33279	tp
/pine/scr/s/n/snystrom/br-cut-n-run-all/Data/fly_factor_survey_id.meme	br-Z3_FlyReg	chr3R:23334293-23334492	161	6.97139	tp
/pine/scr/s/n/snystrom/br-cut-n-run-all/Data/fly_factor_survey_id.meme	br-Z3_FlyReg	chr2R:15930108-15930307	504	6.72041	tp
/pine/scr/s/n/snystrom/br-cut-n-run-all/Data/fly_factor_survey_id.meme	br-Z3_FlyReg	chrX:23473312-23473511	2701	6.66827	fp
/pine/scr/s/n/snystrom/br-cut-n-run-all/Data/fly_factor_survey_id.meme	br-Z3_FlyReg	chr3R:14765754-14765953	844	6.61802	tp
/pine/scr/s/n/snystrom/br-cut-n-run-all/Data/fly_factor_survey_id.meme	br-Z3_FlyReg	chr3R:21324964-21325163	2231	6.56075	fp
/pine/scr/s/n/snystrom/br-cut-n-run-all/Data/fly_factor_survey_id.meme	br-Z3_FlyReg	chr3L:17606729-17606928	706	6.55799	tp
/pine/scr/s/n/snystrom/br-cut-n-run-all/Data/fly_factor_survey_id.meme	br-Z3_FlyReg	chr2L:7876869-7877068	336	6.41929	tp
/pine/scr/s/n/snystrom/br-cut-n-run-all/Data/fly_factor_survey_id.meme	br-Z3_FlyReg	chrX:12579993-12580192	206	6.31492	tp
/pine/scr/s/n/snystrom/br-cut-n-run-all/Data/fly_factor_survey_id.meme	br-Z3_FlyReg	chr3L:10562531-10562730	1993	6.2346	fp
/pine/scr/s/n/snystrom/br-cut-n-run-all/Data/fly_factor_survey_id.meme	br-Z3_FlyReg	chr2R:23072136-23072335	1215	6.17871	tp
/pine/scr/s/n/snystrom/br-cut-n-run-all/Data/fly_factor_survey_id.meme	br-Z3_FlyReg	chr3R:30258700-30258899	169	6.14442	tp
/pine/scr/s/n/snystrom/br-cut-n-run-all/Data/fly_factor_survey_id.meme	br-Z3_FlyReg	chr3R:7089156-7089355	2628	6.00744	fp
/pine/scr/s/n/snystrom/br-cut-n-run-all/Data/fly_factor_survey_id.meme	br-Z3_FlyReg	chrX:17561284-17561483	1563	5.97241	fp
/pine/scr/s/n/snystrom/br-cut-n-run-all/Data/fly_factor_survey_id.meme	br-Z3_FlyReg	chr3L:26878621-26878820	753	5.95449	tp
/pine/scr/s/n/snystrom/br-cut-n-run-all/Data/fly_factor_survey_id.meme	br-Z3_FlyReg	chr3L:8368773-8368972	1354	5.95208	fp
/pine/scr/s/n/snystrom/br-cut-n-run-all/Data/fly_factor_survey_id.meme	br-Z3_FlyReg	chr3L:27010263-27010462	6	5.78443	tp
/pine/scr/s/n/snystrom/br-cut-n-run-all/Data/fly_factor_survey_id.meme	br-Z3_FlyReg	chr2R:19372987-19373186	529	5.60321	tp
/pine/scr/s/n/snystrom/br-cut-n-run-all/Data/fly_factor_survey_id.meme	br-Z3_FlyReg	chr2L:18151065-18151264	386	5.48239	tp
/pine/scr/s/n/snystrom/br-cut-n-run-all/Data/fly_factor_survey_id.meme	br-Z3_FlyReg	chr3R:13794013-13794212	830	5.47112	tp
/pine/scr/s/n/snystrom/br-cut-n-run-all/Data/fly_factor_survey_id.meme	br-Z3_FlyReg	chr2R:11038007-11038206	451	5.36209	tp
/pine/scr/s/n/snystrom/br-cut-n-run-all/Data/fly_factor_survey_id.meme	br-Z3_FlyReg	chr2R:7476443-7476642	2539	5.31659	fp
/pine/scr/s/n/snystrom/br-cut-n-run-all/Data/fly_factor_survey_id.meme	br-Z3_FlyReg	chr3R:8857747-8857946	1280	5.30944	tp
/pine/scr/s/n/snystrom/br-cut-n-run-all/Data/fly_factor_survey_id.meme	br-Z3_FlyReg	chrX:5046601-5046800	1534	5.30185	fp
/pine/scr/s/n/snystrom/br-cut-n-run-all/Data/fly_factor_survey_id.meme	br-Z3_FlyReg	chrX:19314803-19315002	1106	5.29559	tp
/pine/scr/s/n/snystrom/br-cut-n-run-all/Data/fly_factor_survey_id.meme	br-Z3_FlyReg	chrX:6985295-6985494	1018	5.26608	tp
/pine/scr/s/n/snystrom/br-cut-n-run-all/Data/fly_factor_survey_id.meme	br-Z3_FlyReg	chr2R:13032227-13032426	479	5.18957	tp
/pine/scr/s/n/snystrom/br-cut-n-run-all/Data/fly_factor_survey_id.meme	br-Z3_FlyReg	chr2R:14484930-14485129	54	5.17447	tp
/pine/scr/s/n/snystrom/br-cut-n-run-all/Data/fly_factor_survey_id.meme	br-Z3_FlyReg	chr2R:17437219-17437418	1409	5.12746	fp
/pine/scr/s/n/snystrom/br-cut-n-run-all/Data/fly_factor_survey_id.meme	br-Z3_FlyReg	chr3L:531043-531242	577	5.12344	tp
/pine/scr/s/n/snystrom/br-cut-n-run-all/Data/fly_factor_survey_id.meme	br-Z3_FlyReg	chrX:18267599-18267798	1093	5.09803	tp
/pine/scr/s/n/snystrom/br-cut-n-run-all/Data/fly_factor_survey_id.meme	br-Z3_FlyReg	chr3R:25472344-25472543	2257	5.07287	fp
/pine/scr/s/n/snystrom/br-cut-n-run-all/Data/fly_factor_survey_id.meme	br-Z3_FlyReg	chrX:12575204-12575403	1055	4.94588	tp
/pine/scr/s/n/snystrom/br-cut-n-run-all/Data/fly_factor_survey_id.meme	br-Z3_FlyReg	chr3R:9031930-9032129	794	4.93605	tp
/pine/scr/s/n/snystrom/br-cut-n-run-all/Data/fly_factor_survey_id.meme	br-Z3_FlyReg	chr3L:3771621-3771820	1953	4.93233	fp
/pine/scr/s/n/snystrom/br-cut-n-run-all/Data/fly_factor_survey_id.meme	br-Z3_FlyReg	chr3L:11329238-11329437	94	4.91921	tp
/pine/scr/s/n/snystrom/br-cut-n-run-all/Data/fly_factor_survey_id.meme	br-Z3_FlyReg	chr2L:5297434-5297633	321	4.90346	tp
/pine/scr/s/n/snystrom/br-cut-n-run-all/Data/fly_factor_survey_id.meme	br-Z3_FlyReg	chr3L:17965389-17965588	707	4.87397	tp
/pine/scr/s/n/snystrom/br-cut-n-run-all/Data/fly_factor_survey_id.meme	br-Z3_FlyReg	chrX:17561284-17561483	212	4.85151	tp
/pine/scr/s/n/snystrom/br-cut-n-run-all/Data/fly_factor_survey_id.meme	br-Z3_FlyReg	chr2L:8084545-8084744	2521	4.83851	fp
/pine/scr/s/n/snystrom/br-cut-n-run-all/Data/fly_factor_survey_id.meme	br-Z3_FlyReg	chr3L:24604376-24604575	4	4.72347	tp
/pine/scr/s/n/snystrom/br-cut-n-run-all/Data/fly_factor_survey_id.meme	br-Z3_FlyReg	chr2R:22397523-22397722	68	4.70529	tp
/pine/scr/s/n/snystrom/br-cut-n-run-all/Data/fly_factor_survey_id.meme	br-Z3_FlyReg	chrX:7302391-7302590	191	4.66345	tp
/pine/scr/s/n/snystrom/br-cut-n-run-all/Data/fly_factor_survey_id.meme	br-Z3_FlyReg	chr2R:6994966-6995165	418	4.48019	tp
/pine/scr/s/n/snystrom/br-cut-n-run-all/Data/fly_factor_survey_id.meme	br-Z3_FlyReg	chr3L:21894714-21894913	2616	4.47216	fp
/pine/scr/s/n/snystrom/br-cut-n-run-all/Data/fly_factor_survey_id.meme	br-Z3_FlyReg	chr2R:21545925-21546124	1896	4.45022	fp
/pine/scr/s/n/snystrom/br-cut-n-run-all/Data/fly_factor_survey_id.meme	br-Z3_FlyReg	chr2R:23713182-23713381	562	4.4406	tp
/pine/scr/s/n/snystrom/br-cut-n-run-all/Data/fly_factor_survey_id.meme	br-Z3_FlyReg	chr2R:9442852-9443051	46	4.41169	tp
/pine/scr/s/n/snystrom/br-cut-n-run-all/Data/fly_factor_survey_id.meme	br-Z3_FlyReg	chrX:8518505-8518704	2379	4.34765	fp
/pine/scr/s/n/snystrom/br-cut-n-run-all/Data/fly_factor_survey_id.meme	br-Z3_FlyReg	chr3R:20284169-20284368	2648	4.32819	fp
/pine/scr/s/n/snystrom/br-cut-n-run-all/Data/fly_factor_survey_id.meme	br-Z3_FlyReg	chr2L:12004261-12004460	1377	4.28966	fp
/pine/scr/s/n/snystrom/br-cut-n-run-all/Data/fly_factor_survey_id.meme	br-Z3_FlyReg	chr3L:24623631-24623830	1592	4.28878	fp
/pine/scr/s/n/snystrom/br-cut-n-run-all/Data/fly_factor_survey_id.meme	br-Z3_FlyReg	chr3L:26938107-26938306	2492	4.28792	fp
/pine/scr/s/n/snystrom/br-cut-n-run-all/Data/fly_factor_survey_id.meme	br-Z3_FlyReg	chr3R:21434175-21434374	1299	4.24491	tp
/pine/scr/s/n/snystrom/br-cut-n-run-all/Data/fly_factor_survey_id.meme	br-Z3_FlyReg	chr3L:27068593-27068792	1599	4.23252	fp
/pine/scr/s/n/snystrom/br-cut-n-run-all/Data/fly_factor_survey_id.meme	br-Z3_FlyReg	chr3R:16237501-16237700	857	4.20778	tp
/pine/scr/s/n/snystrom/br-cut-n-run-all/Data/fly_factor_survey_id.meme	br-Z3_FlyReg	chrX:16930455-16930654	2435	4.20695	fp
/pine/scr/s/n/snystrom/br-cut-n-run-all/Data/fly_factor_survey_id.meme	br-Z3_FlyReg	chr3L:18771580-18771779	722	4.18502	tp
/pine/scr/s/n/snystrom/br-cut-n-run-all/Data/fly_factor_survey_id.meme	br-Z3_FlyReg	chr2L:16533133-16533332	376	4.17432	tp
/pine/scr/s/n/snystrom/br-cut-n-run-all/Data/fly_factor_survey_id.meme	br-Z3_FlyReg	chrX:12674262-12674461	1558	4.16475	fp
/pine/scr/s/n/snystrom/br-cut-n-run-all/Data/fly_factor_survey_id.meme	br-Z3_FlyReg	chr3L:1265433-1265632	590	4.14859	tp
/pine/scr/s/n/snystrom/br-cut-n-run-all/Data/fly_factor_survey_id.meme	br-Z3_FlyReg	chr3R:16317015-16317214	861	4.11813	tp
/pine/scr/s/n/snystrom/br-cut-n-run-all/Data/fly_factor_survey_id.meme	br-Z3_FlyReg	chr2R:8444341-8444540	1189	4.1158	tp
/pine/scr/s/n/snystrom/br-cut-n-run-all/Data/fly_factor_survey_id.meme	br-Z3_FlyReg	chr3R:21837543-21837742	886	4.07789	tp
/pine/scr/s/n/snystrom/br-cut-n-run-all/Data/fly_factor_survey_id.meme	br-Z3_FlyReg	chr3L:19557762-19557961	1139	4.07467	tp
/pine/scr/s/n/snystrom/br-cut-n-run-all/Data/fly_factor_survey_id.meme	br-Z3_FlyReg	chr3L:11381667-11381866	666	4.06201	tp
/pine/scr/s/n/snystrom/br-cut-n-run-all/Data/fly_factor_survey_id.meme	br-Z3_FlyReg	chr3L:14756380-14756579	1246	4.05894	tp
/pine/scr/s/n/snystrom/br-cut-n-run-all/Data/fly_factor_survey_id.meme	br-Z3_FlyReg	chr3L:18786921-18787120	723	4.05763	tp
/pine/scr/s/n/snystrom/br-cut-n-run-all/Data/fly_factor_survey_id.meme	br-Z3_FlyReg	chr3R:30255528-30255727	930	4.04555	tp
/pine/scr/s/n/snystrom/br-cut-n-run-all/Data/fly_factor_survey_id.meme	br-Z3_FlyReg	chr2L:16486585-16486784	374	4.04552	tp
/pine/scr/s/n/snystrom/br-cut-n-run-all/Data/fly_factor_survey_id.meme	br-Z3_FlyReg	chr3L:18013227-18013426	709	4.0073	tp
/pine/scr/s/n/snystrom/br-cut-n-run-all/Data/fly_factor_survey_id.meme	br-Z3_FlyReg	chrX:13640402-13640601	2418	4.00526	fp
/pine/scr/s/n/snystrom/br-cut-n-run-all/Data/fly_factor_survey_id.meme	br-Z3_FlyReg	chr3L:12897581-12897780	672	3.98776	tp
/pine/scr/s/n/snystrom/br-cut-n-run-all/Data/fly_factor_survey_id.meme	br-Z3_FlyReg	chr3L:18996878-18997077	725	3.95843	tp
/pine/scr/s/n/snystrom/br-cut-n-run-all/Data/fly_factor_survey_id.meme	br-Z3_FlyReg	chr2R:11203108-11203307	454	3.94233	tp
/pine/scr/s/n/snystrom/br-cut-n-run-all/Data/fly_factor_survey_id.meme	br-Z3_FlyReg	chrX:2137271-2137470	2314	3.82983	fp
/pine/scr/s/n/snystrom/br-cut-n-run-all/Data/fly_factor_survey_id.meme	br-Z3_FlyReg	chrX:1610996-1611195	951	3.8071	tp
/pine/scr/s/n/snystrom/br-cut-n-run-all/Data/fly_factor_survey_id.meme	br-Z3_FlyReg	chr2L:9982612-9982811	1697	3.7858	fp
/pine/scr/s/n/snystrom/br-cut-n-run-all/Data/fly_factor_survey_id.meme	br-Z3_FlyReg	chr2L:21009478-21009677	1353	3.78105	fp
/pine/scr/s/n/snystrom/br-cut-n-run-all/Data/fly_factor_survey_id.meme	br-Z3_FlyReg	chrX:11622963-11623162	2394	3.77474	fp
/pine/scr/s/n/snystrom/br-cut-n-run-all/Data/fly_factor_survey_id.meme	br-Z3_FlyReg	chr2L:59130-59329	289	3.76608	tp
/pine/scr/s/n/snystrom/br-cut-n-run-all/Data/fly_factor_survey_id.meme	br-Z3_FlyReg	chr2L:7422472-7422671	1682	3.7501	fp
/pine/scr/s/n/snystrom/br-cut-n-run-all/Data/fly_factor_survey_id.meme	br-Z3_FlyReg	chr3R:26008994-26009193	2260	3.74192	fp
/pine/scr/s/n/snystrom/br-cut-n-run-all/Data/fly_factor_survey_id.meme	br-Z3_FlyReg	chr3L:27007977-27008176	247	3.73887	tp
/pine/scr/s/n/snystrom/br-cut-n-run-all/Data/fly_factor_survey_id.meme	br-Z3_FlyReg	chrX:9557045-9557244	1033	3.73607	tp
/pine/scr/s/n/snystrom/br-cut-n-run-all/Data/fly_factor_survey_id.meme	br-Z3_FlyReg	chr2L:309680-309879	1127	3.70619	tp
/pine/scr/s/n/snystrom/br-cut-n-run-all/Data/fly_factor_survey_id.meme	br-Z3_FlyReg	chrX:3024785-3024984	1324	3.66941	tp
/pine/scr/s/n/snystrom/br-cut-n-run-all/Data/fly_factor_survey_id.meme	br-Z3_FlyReg	chr3L:5577241-5577440	1231	3.66907	tp
/pine/scr/s/n/snystrom/br-cut-n-run-all/Data/fly_factor_survey_id.meme	br-Z3_FlyReg	chr3L:12690947-12691146	2593	3.66325	fp
/pine/scr/s/n/snystrom/br-cut-n-run-all/Data/fly_factor_survey_id.meme	br-Z3_FlyReg	chr3L:8821662-8821861	84	3.65274	tp
/pine/scr/s/n/snystrom/br-cut-n-run-all/Data/fly_factor_survey_id.meme	br-Z3_FlyReg	chr3L:14759418-14759617	102	3.64421	tp
/pine/scr/s/n/snystrom/br-cut-n-run-all/Data/fly_factor_survey_id.meme	br-Z3_FlyReg	chr3L:26936996-26937195	755	3.62902	tp
/pine/scr/s/n/snystrom/br-cut-n-run-all/Data/fly_factor_survey_id.meme	br-Z3_FlyReg	chr2L:429745-429944	1154	3.62116	tp
/pine/scr/s/n/snystrom/br-cut-n-run-all/Data/fly_factor_survey_id.meme	br-Z3_FlyReg	chrX:202995-203194	2664	3.57739	fp
/pine/scr/s/n/snystrom/br-cut-n-run-all/Data/fly_factor_survey_id.meme	br-Z3_FlyReg	chrX:23535254-23535453	1639	3.57355	fp
/pine/scr/s/n/snystrom/br-cut-n-run-all/Data/fly_factor_survey_id.meme	br-Z3_FlyReg	chr3L:24627030-24627229	2622	3.56963	fp
/pine/scr/s/n/snystrom/br-cut-n-run-all/Data/fly_factor_survey_id.meme	br-Z3_FlyReg	chrX:19225571-19225770	1103	3.55568	tp
/pine/scr/s/n/snystrom/br-cut-n-run-all/Data/fly_factor_survey_id.meme	br-Z3_FlyReg	chrX:19322222-19322421	1107	3.54715	tp
/pine/scr/s/n/snystrom/br-cut-n-run-all/Data/fly_factor_survey_id.meme	br-Z3_FlyReg	chr2R:17261980-17262179	510	3.54232	tp
/pine/scr/s/n/snystrom/br-cut-n-run-all/Data/fly_factor_survey_id.meme	br-Z3_FlyReg	chr3L:4270995-4271194	1229	3.5343	tp
/pine/scr/s/n/snystrom/br-cut-n-run-all/Data/fly_factor_survey_id.meme	br-Z3_FlyReg	chrX:16930455-16930654	1084	3.50792	tp
/pine/scr/s/n/snystrom/br-cut-n-run-all/Data/fly_factor_survey_id.meme	br-Z3_FlyReg	chrX:7336935-7337134	194	3.50025	tp
/pine/scr/s/n/snystrom/br-cut-n-run-all/Data/fly_factor_survey_id.meme	br-Z3_FlyReg	chr2L:429745-429944	2505	3.49463	fp
/pine/scr/s/n/snystrom/br-cut-n-run-all/Data/fly_factor_survey_id.meme	br-Z3_FlyReg	chr3L:20688265-20688464	2611	3.48954	fp
/pine/scr/s/n/snystrom/br-cut-n-run-all/Data/fly_factor_survey_id.meme	br-Z3_FlyReg	chrX:20501280-20501479	214	3.46779	tp
/pine/scr/s/n/snystrom/br-cut-n-run-all/Data/fly_factor_survey_id.meme	br-Z3_FlyReg	chr2L:15909712-15909911	1720	3.46289	fp
/pine/scr/s/n/snystrom/br-cut-n-run-all/Data/fly_factor_survey_id.meme	br-Z3_FlyReg	chr3R:30255528-30255727	2281	3.45353	fp
/pine/scr/s/n/snystrom/br-cut-n-run-all/Data/fly_factor_survey_id.meme	br-Z3_FlyReg	chr3L:26938107-26938306	1141	3.42258	tp
/pine/scr/s/n/snystrom/br-cut-n-run-all/Data/fly_factor_survey_id.meme	br-Z3_FlyReg	chr3R:14413990-14414189	2193	3.40445	fp
/pine/scr/s/n/snystrom/br-cut-n-run-all/Data/fly_factor_survey_id.meme	br-Z3_FlyReg	chrX:3041671-3041870	976	3.3953	tp
/pine/scr/s/n/snystrom/br-cut-n-run-all/Data/fly_factor_survey_id.meme	br-Z3_FlyReg	chrX:2222391-2222590	964	3.3936	tp
/pine/scr/s/n/snystrom/br-cut-n-run-all/Data/fly_factor_survey_id.meme	br-Z3_FlyReg	chr3R:13794744-13794943	140	3.37909	tp
/pine/scr/s/n/snystrom/br-cut-n-run-all/Data/fly_factor_survey_id.meme	br-Z3_FlyReg	chrX:23211097-23211296	2473	3.37485	fp
/pine/scr/s/n/snystrom/br-cut-n-run-all/Data/fly_factor_survey_id.meme	br-Z3_FlyReg	chr3L:24611787-24611986	125	3.37425	tp
/pine/scr/s/n/snystrom/br-cut-n-run-all/Data/fly_factor_survey_id.meme	br-Z3_FlyReg	chr2R:21491964-21492163	1894	3.3643	fp
/pine/scr/s/n/snystrom/br-cut-n-run-all/Data/fly_factor_survey_id.meme	br-Z3_FlyReg	chr2R:15253098-15253297	1847	3.36086	fp
/pine/scr/s/n/snystrom/br-cut-n-run-all/Data/fly_factor_survey_id.meme	br-Z3_FlyReg	chrX:11714391-11714590	1045	3.3574	tp
/pine/scr/s/n/snystrom/br-cut-n-run-all/Data/fly_factor_survey_id.meme	br-Z3_FlyReg	chrX:12493279-12493478	205	3.33793	tp
/pine/scr/s/n/snystrom/br-cut-n-run-all/Data/fly_factor_survey_id.meme	br-Z3_FlyReg	chr3L:24611787-24611986	1476	3.30735	fp
/pine/scr/s/n/snystrom/br-cut-n-run-all/Data/fly_factor_survey_id.meme	br-Z3_FlyReg	chr3R:9158116-9158315	2632	3.28872	fp
/pine/scr/s/n/snystrom/br-cut-n-run-all/Data/fly_factor_survey_id.meme	br-Z3_FlyReg	chr3L:14476995-14477194	232	3.28765	tp
/pine/scr/s/n/snystrom/br-cut-n-run-all/Data/fly_factor_survey_id.meme	br-Z3_FlyReg	chr2L:3632423-3632622	310	3.28316	tp
/pine/scr/s/n/snystrom/br-cut-n-run-all/Data/fly_factor_survey_id.meme	br-Z3_FlyReg	chrX:22277445-22277644	2469	3.2725	fp
/pine/scr/s/n/snystrom/br-cut-n-run-all/Data/fly_factor_survey_id.meme	br-Z3_FlyReg	chr3L:10740284-10740483	90	3.26663	tp
/pine/scr/s/n/snystrom/br-cut-n-run-all/Data/fly_factor_survey_id.meme	br-Z3_FlyReg	chr2L:2202281-2202480	1658	3.26219	fp
/pine/scr/s/n/snystrom/br-cut-n-run-all/Data/fly_factor_survey_id.meme	br-Z3_FlyReg	chr2L:4069016-4069215	313	3.24588	tp
/pine/scr/s/n/snystrom/br-cut-n-run-all/Data/fly_factor_survey_id.meme	br-Z3_FlyReg	chr3L:10328711-10328910	640	3.24499	tp
/pine/scr/s/n/snystrom/br-cut-n-run-all/Data/fly_factor_survey_id.meme	br-Z3_FlyReg	chrX:12006487-12006686	1052	3.24053	tp
/pine/scr/s/n/snystrom/br-cut-n-run-all/Data/fly_factor_survey_id.meme	br-Z3_FlyReg	chrX:7698415-7698614	2372	3.23396	fp
/pine/scr/s/n/snystrom/br-cut-n-run-all/Data/fly_factor_survey_id.meme	br-Z3_FlyReg	chr2R:10580560-10580759	446	3.22996	tp
/pine/scr/s/n/snystrom/br-cut-n-run-all/Data/fly_factor_survey_id.meme	br-Z3_FlyReg	chr2L:2185413-2185612	303	3.22108	tp
/pine/scr/s/n/snystrom/br-cut-n-run-all/Data/fly_factor_survey_id.meme	br-Z3_FlyReg	chr3L:24656700-24656899	128	3.22031	tp
/pine/scr/s/n/snystrom/br-cut-n-run-all/Data/fly_factor_survey_id.meme	br-Z3_FlyReg	chrX:15163177-15163376	1078	3.20117	tp
/pine/scr/s/n/snystrom/br-cut-n-run-all/Data/fly_factor_survey_id.meme	br-Z3_FlyReg	chrX:23212162-23212361	268	3.19754	tp
/pine/scr/s/n/snystrom/br-cut-n-run-all/Data/fly_factor_survey_id.meme	br-Z3_FlyReg	chr3L:24614174-24614373	126	3.19527	tp
/pine/scr/s/n/snystrom/br-cut-n-run-all/Data/fly_factor_survey_id.meme	br-Z3_FlyReg	chr2L:3771364-3771563	19	3.19128	tp
/pine/scr/s/n/snystrom/br-cut-n-run-all/Data/fly_factor_survey_id.meme	br-Z3_FlyReg	chr3L:5955270-5955469	1964	3.19013	fp
/pine/scr/s/n/snystrom/br-cut-n-run-all/Data/fly_factor_survey_id.meme	br-Z3_FlyReg	chr3R:24272984-24273183	2253	3.1866	fp
/pine/scr/s/n/snystrom/br-cut-n-run-all/Data/fly_factor_survey_id.meme	br-Z3_FlyReg	chr3L:26881570-26881769	129	3.17613	tp
/pine/scr/s/n/snystrom/br-cut-n-run-all/Data/fly_factor_survey_id.meme	br-Z3_FlyReg	chr2L:19136750-19136949	391	3.17589	tp
/pine/scr/s/n/snystrom/br-cut-n-run-all/Data/fly_factor_survey_id.meme	br-Z3_FlyReg	chrX:9623615-9623814	2688	3.16885	fp
/pine/scr/s/n/snystrom/br-cut-n-run-all/Data/fly_factor_survey_id.meme	br-Z3_FlyReg	chr3L:27007977-27008176	1598	3.1666	fp
/pine/scr/s/n/snystrom/br-cut-n-run-all/Data/fly_factor_survey_id.meme	br-Z3_FlyReg	chr2L:16486585-16486784	1725	3.16366	fp
/pine/scr/s/n/snystrom/br-cut-n-run-all/Data/fly_factor_survey_id.meme	br-Z3_FlyReg	chr2R:16155700-16155899	2556	3.16149	fp
/pine/scr/s/n/snystrom/br-cut-n-run-all/Data/fly_factor_survey_id.meme	br-Z3_FlyReg	chr2R:1233594-1233793	228	3.14442	tp
/pine/scr/s/n/snystrom/br-cut-n-run-all/Data/fly_factor_survey_id.meme	br-Z3_FlyReg	chr2R:19462174-19462373	530	3.13748	tp
/pine/scr/s/n/snystrom/br-cut-n-run-all/Data/fly_factor_survey_id.meme	br-Z3_FlyReg	chrX:2455772-2455971	2321	3.12536	fp
/pine/scr/s/n/snystrom/br-cut-n-run-all/Data/fly_factor_survey_id.meme	br-Z3_FlyReg	chr2R:12587205-12587404	463	3.12311	tp
/pine/scr/s/n/snystrom/br-cut-n-run-all/Data/fly_factor_survey_id.meme	br-Z3_FlyReg	chrX:9557045-9557244	2384	3.12167	fp
/pine/scr/s/n/snystrom/br-cut-n-run-all/Data/fly_factor_survey_id.meme	br-Z3_FlyReg	chr3L:15107871-15108070	1456	3.09739	fp
/pine/scr/s/n/snystrom/br-cut-n-run-all/Data/fly_factor_survey_id.meme	br-Z3_FlyReg	chr3L:3081238-3081437	1226	3.094	tp
/pine/scr/s/n/snystrom/br-cut-n-run-all/Data/fly_factor_survey_id.meme	br-Z3_FlyReg	chr2R:20106191-20106390	535	3.09223	tp
/pine/scr/s/n/snystrom/br-cut-n-run-all/Data/fly_factor_survey_id.meme	br-Z3_FlyReg	chr3R:14009803-14010002	836	3.08927	tp
/pine/scr/s/n/snystrom/br-cut-n-run-all/Data/fly_factor_survey_id.meme	br-Z3_FlyReg	chr2L:480881-481080	16	3.08515	tp
/pine/scr/s/n/snystrom/br-cut-n-run-all/Data/fly_factor_survey_id.meme	br-Z3_FlyReg	chrX:16333255-16333454	1079	3.08165	tp
/pine/scr/s/n/snystrom/br-cut-n-run-all/Data/fly_factor_survey_id.meme	br-Z3_FlyReg	chr3R:30163531-30163730	929	3.05835	tp
/pine/scr/s/n/snystrom/br-cut-n-run-all/Data/fly_factor_survey_id.meme	br-Z3_FlyReg	chrX:5900062-5900261	186	3.03673	tp
/pine/scr/s/n/snystrom/br-cut-n-run-all/Data/fly_factor_survey_id.meme	br-Z3_FlyReg	chr2R:17801363-17801562	514	3.03589	tp
/pine/scr/s/n/snystrom/br-cut-n-run-all/Data/fly_factor_survey_id.meme	br-Z3_FlyReg	chrX:9624625-9624824	200	3.03459	tp
/pine/scr/s/n/snystrom/br-cut-n-run-all/Data/fly_factor_survey_id.meme	br-Z3_FlyReg	chr3R:31941668-31941867	2286	3.02722	fp
/pine/scr/s/n/snystrom/br-cut-n-run-all/Data/fly_factor_survey_id.meme	br-Z3_FlyReg	chrX:12047711-12047910	1053	3.01845	tp
/pine/scr/s/n/snystrom/br-cut-n-run-all/Data/fly_factor_survey_id.meme	br-Z3_FlyReg	chr3R:26008994-26009193	909	3.01595	tp
/pine/scr/s/n/snystrom/br-cut-n-run-all/Data/fly_factor_survey_id.meme	br-Z3_FlyReg	chr3L:6789842-6790041	617	3.00361	tp
/pine/scr/s/n/snystrom/br-cut-n-run-all/Data/fly_factor_survey_id.meme	br-Z3_FlyReg	chr2R:8146158-8146357	427	3.00182	tp
/pine/scr/s/n/snystrom/br-cut-n-run-all/Data/fly_factor_survey_id.meme	br-Z3_FlyReg	chrX:19774172-19774371	1111	3.0018	tp
/pine/scr/s/n/snystrom/br-cut-n-run-all/Data/fly_factor_survey_id.meme	br-Z3_FlyReg	chrX:3687003-3687202	2336	3.0017	fp
/pine/scr/s/n/snystrom/br-cut-n-run-all/Data/fly_factor_survey_id.meme	br-Z3_FlyReg	chr3L:20620556-20620755	733	2.99173	tp
/pine/scr/s/n/snystrom/br-cut-n-run-all/Data/fly_factor_survey_id.meme	br-Z3_FlyReg	chr3L:14743409-14743608	100	2.98218	tp
/pine/scr/s/n/snystrom/br-cut-n-run-all/Data/fly_factor_survey_id.meme	br-Z3_FlyReg	chr3L:26939617-26939816	130	2.98073	tp
/pine/scr/s/n/snystrom/br-cut-n-run-all/Data/fly_factor_survey_id.meme	br-Z3_FlyReg	chr3R:31608663-31608862	2661	2.98013	fp
/pine/scr/s/n/snystrom/br-cut-n-run-all/Data/fly_factor_survey_id.meme	br-Z3_FlyReg	chr3L:619001-619200	1429	2.97919	fp
/pine/scr/s/n/snystrom/br-cut-n-run-all/Data/fly_factor_survey_id.meme	br-Z3_FlyReg	chrX:23431250-23431449	284	2.96954	tp
/pine/scr/s/n/snystrom/br-cut-n-run-all/Data/fly_factor_survey_id.meme	br-Z3_FlyReg	chr2L:16525150-16525349	375	2.9684	tp
/pine/scr/s/n/snystrom/br-cut-n-run-all/Data/fly_factor_survey_id.meme	br-Z3_FlyReg	chr2L:18145485-18145684	1735	2.9625	fp
/pine/scr/s/n/snystrom/br-cut-n-run-all/Data/fly_factor_survey_id.meme	br-Z3_FlyReg	chr3R:28683-28882	756	2.95832	tp
/pine/scr/s/n/snystrom/br-cut-n-run-all/Data/fly_factor_survey_id.meme	br-Z3_FlyReg	chrX:11622963-11623162	1043	2.95162	tp
/pine/scr/s/n/snystrom/br-cut-n-run-all/Data/fly_factor_survey_id.meme	br-Z3_FlyReg	chr3L:8372159-8372358	628	2.94996	tp
/pine/scr/s/n/snystrom/br-cut-n-run-all/Data/fly_factor_survey_id.meme	br-Z3_FlyReg	chr3L:5610788-5610987	1232	2.94391	tp
/pine/scr/s/n/snystrom/br-cut-n-run-all/Data/fly_factor_survey_id.meme	br-Z3_FlyReg	chr2L:23494836-23495035	1757	2.94146	fp
/pine/scr/s/n/snystrom/br-cut-n-run-all/Data/fly_factor_survey_id.meme	br-Z3_FlyReg	chrX:3408008-3408207	981	2.92953	tp
/pine/scr/s/n/snystrom/br-cut-n-run-all/Data/fly_factor_survey_id.meme	br-Z3_FlyReg	chrX:6538818-6539017	2362	2.92115	fp
/pine/scr/s/n/snystrom/br-cut-n-run-all/Data/fly_factor_survey_id.meme	br-Z3_FlyReg	chr2R:8444341-8444540	2540	2.91332	fp
/pine/scr/s/n/snystrom/br-cut-n-run-all/Data/fly_factor_survey_id.meme	br-Z3_FlyReg	chr3L:27076496-27076695	250	2.91328	tp
/pine/scr/s/n/snystrom/br-cut-n-run-all/Data/fly_factor_survey_id.meme	br-Z3_FlyReg	chr2L:17781743-17781942	383	2.90717	tp
/pine/scr/s/n/snystrom/br-cut-n-run-all/Data/fly_factor_survey_id.meme	br-Z3_FlyReg	chr2R:20618067-20618266	65	2.90603	tp
/pine/scr/s/n/snystrom/br-cut-n-run-all/Data/fly_factor_survey_id.meme	br-Z3_FlyReg	chrX:22383191-22383390	1617	2.905	fp
/pine/scr/s/n/snystrom/br-cut-n-run-all/Data/fly_factor_survey_id.meme	br-Z3_FlyReg	chrX:16422001-16422200	2502	2.90369	fp
/pine/scr/s/n/snystrom/br-cut-n-run-all/Data/fly_factor_survey_id.meme	br-Z3_FlyReg	chr3L:27006781-27006980	246	2.90245	tp
/pine/scr/s/n/snystrom/br-cut-n-run-all/Data/fly_factor_survey_id.meme	br-Z3_FlyReg	chr3R:11887856-11888055	2634	2.90214	fp
/pine/scr/s/n/snystrom/br-cut-n-run-all/Data/fly_factor_survey_id.meme	br-Z3_FlyReg	chr3L:24607130-24607329	5	2.89882	tp
/pine/scr/s/n/snystrom/br-cut-n-run-all/Data/fly_factor_survey_id.meme	br-Z3_FlyReg	chr3L:24618675-24618874	1270	2.89794	tp
/pine/scr/s/n/snystrom/br-cut-n-run-all/Data/fly_factor_survey_id.meme	br-Z3_FlyReg	chr3L:8657471-8657670	1982	2.89602	fp
/pine/scr/s/n/snystrom/br-cut-n-run-all/Data/fly_factor_survey_id.meme	br-Z3_FlyReg	chr2R:6964667-6964866	417	2.87761	tp
/pine/scr/s/n/snystrom/br-cut-n-run-all/Data/fly_factor_survey_id.meme	br-Z3_FlyReg	chr3L:621493-621692	80	2.86619	tp
/pine/scr/s/n/snystrom/br-cut-n-run-all/Data/fly_factor_survey_id.meme	br-Z3_FlyReg	chr3R:21658611-21658810	885	2.86303	tp
/pine/scr/s/n/snystrom/br-cut-n-run-all/Data/fly_factor_survey_id.meme	br-Z3_FlyReg	chr3R:15420760-15420959	2197	2.85042	fp
/pine/scr/s/n/snystrom/br-cut-n-run-all/Data/fly_factor_survey_id.meme	br-Z3_FlyReg	chrX:11913853-11914052	1049	2.84681	tp
/pine/scr/s/n/snystrom/br-cut-n-run-all/Data/fly_factor_survey_id.meme	br-Z3_FlyReg	chr3R:26006146-26006345	2258	2.84237	fp
/pine/scr/s/n/snystrom/br-cut-n-run-all/Data/fly_factor_survey_id.meme	br-Z3_FlyReg	chrX:9515532-9515731	259	2.83311	tp
/pine/scr/s/n/snystrom/br-cut-n-run-all/Data/fly_factor_survey_id.meme	br-Z3_FlyReg	chr2L:225067-225266	1364	2.83243	fp
/pine/scr/s/n/snystrom/br-cut-n-run-all/Data/fly_factor_survey_id.meme	br-Z3_FlyReg	chr3L:8668234-8668433	632	2.82854	tp
/pine/scr/s/n/snystrom/br-cut-n-run-all/Data/fly_factor_survey_id.meme	br-Z3_FlyReg	chr2L:3345730-3345929	1159	2.82613	tp
/pine/scr/s/n/snystrom/br-cut-n-run-all/Data/fly_factor_survey_id.meme	br-Z3_FlyReg	chr3R:31941668-31941867	935	2.81254	tp
/pine/scr/s/n/snystrom/br-cut-n-run-all/Data/fly_factor_survey_id.meme	br-Z3_FlyReg	chrX:10240167-10240366	1037	2.79922	tp
/pine/scr/s/n/snystrom/br-cut-n-run-all/Data/fly_factor_survey_id.meme	br-Z3_FlyReg	chrX:13137382-13137581	1062	2.79676	tp
/pine/scr/s/n/snystrom/br-cut-n-run-all/Data/fly_factor_survey_id.meme	br-Z3_FlyReg	chr2L:9982612-9982811	346	2.79601	tp
/pine/scr/s/n/snystrom/br-cut-n-run-all/Data/fly_factor_survey_id.meme	br-Z3_FlyReg	chr3L:22824915-22825114	123	2.78907	tp
/pine/scr/s/n/snystrom/br-cut-n-run-all/Data/fly_factor_survey_id.meme	br-Z3_FlyReg	chr3L:7867357-7867556	1235	2.78456	tp
/pine/scr/s/n/snystrom/br-cut-n-run-all/Data/fly_factor_survey_id.meme	br-Z3_FlyReg	chrX:9809405-9809604	1611	2.78339	fp
/pine/scr/s/n/snystrom/br-cut-n-run-all/Data/fly_factor_survey_id.meme	br-Z3_FlyReg	chr3L:27076496-27076695	1601	2.76485	fp
/pine/scr/s/n/snystrom/br-cut-n-run-all/Data/fly_factor_survey_id.meme	br-Z3_FlyReg	chr3R:14283773-14283972	2190	2.7634	fp
/pine/scr/s/n/snystrom/br-cut-n-run-all/Data/fly_factor_survey_id.meme	br-Z3_FlyReg	chr3R:8945650-8945849	789	2.76179	tp
/pine/scr/s/n/snystrom/br-cut-n-run-all/Data/fly_factor_survey_id.meme	br-Z3_FlyReg	chr2L:14568963-14569162	1712	2.7473	fp
/pine/scr/s/n/snystrom/br-cut-n-run-all/Data/fly_factor_survey_id.meme	br-Z3_FlyReg	chrX:9243391-9243590	2686	2.73369	fp
/pine/scr/s/n/snystrom/br-cut-n-run-all/Data/fly_factor_survey_id.meme	br-Z3_FlyReg	chr2R:11659219-11659418	460	2.72872	tp
/pine/scr/s/n/snystrom/br-cut-n-run-all/Data/fly_factor_survey_id.meme	br-Z3_FlyReg	chr2L:19158256-19158455	392	2.7242	tp
/pine/scr/s/n/snystrom/br-cut-n-run-all/Data/fly_factor_survey_id.meme	br-Z3_FlyReg	chr3R:14283773-14283972	839	2.71098	tp
/pine/scr/s/n/snystrom/br-cut-n-run-all/Data/fly_factor_survey_id.meme	br-Z3_FlyReg	chr3L:22151608-22151807	1266	2.70869	tp
/pine/scr/s/n/snystrom/br-cut-n-run-all/Data/fly_factor_survey_id.meme	br-Z3_FlyReg	chrX:796595-796794	945	2.7015	tp
/pine/scr/s/n/snystrom/br-cut-n-run-all/Data/fly_factor_survey_id.meme	br-Z3_FlyReg	chr3R:23049065-23049264	892	2.69752	tp
/pine/scr/s/n/snystrom/br-cut-n-run-all/Data/fly_factor_survey_id.meme	br-Z3_FlyReg	chrX:10742387-10742586	1338	2.68515	tp
/pine/scr/s/n/snystrom/br-cut-n-run-all/Data/fly_factor_survey_id.meme	br-Z3_FlyReg	chr2L:5879623-5879822	324	2.68219	tp
/pine/scr/s/n/snystrom/br-cut-n-run-all/Data/fly_factor_survey_id.meme	br-Z3_FlyReg	chr2L:6166173-6166372	1677	2.68188	fp
/pine/scr/s/n/snystrom/br-cut-n-run-all/Data/fly_factor_survey_id.meme	br-Z3_FlyReg	chrX:2304019-2304218	1529	2.67796	fp
/pine/scr/s/n/snystrom/br-cut-n-run-all/Data/fly_factor_survey_id.meme	br-Z3_FlyReg	chr2R:5683952-5684151	1760	2.67749	fp
/pine/scr/s/n/snystrom/br-cut-n-run-all/Data/fly_factor_survey_id.meme	br-Z3_FlyReg	chr2L:6673518-6673717	1167	2.67305	tp
/pine/scr/s/n/snystrom/br-cut-n-run-all/Data/fly_factor_survey_id.meme	br-Z3_FlyReg	chr2R:17437219-17437418	58	2.67098	tp
/pine/scr/s/n/snystrom/br-cut-n-run-all/Data/fly_factor_survey_id.meme	br-Z3_FlyReg	chrX:12755702-12755901	1560	2.67068	fp
/pine/scr/s/n/snystrom/br-cut-n-run-all/Data/fly_factor_survey_id.meme	br-Z3_FlyReg	chr3L:14759418-14759617	1453	2.67015	fp
/pine/scr/s/n/snystrom/br-cut-n-run-all/Data/fly_factor_survey_id.meme	br-Z3_FlyReg	chr3L:2164196-2164395	1944	2.66827	fp
/pine/scr/s/n/snystrom/br-cut-n-run-all/Data/fly_factor_survey_id.meme	br-Z3_FlyReg	chr3L:17989930-17990129	1253	2.66403	tp
/pine/scr/s/n/snystrom/br-cut-n-run-all/Data/fly_factor_survey_id.meme	br-Z3_FlyReg	chr2L:8265118-8265317	338	2.65723	tp
/pine/scr/s/n/snystrom/br-cut-n-run-all/Data/fly_factor_survey_id.meme	br-Z3_FlyReg	chr3L:22179988-22180187	1267	2.64623	tp
/pine/scr/s/n/snystrom/br-cut-n-run-all/Data/fly_factor_survey_id.meme	br-Z3_FlyReg	chr3L:18185871-18186070	114	2.64352	tp
/pine/scr/s/n/snystrom/br-cut-n-run-all/Data/fly_factor_survey_id.meme	br-Z3_FlyReg	chrX:7008535-7008734	1539	2.63898	fp
/pine/scr/s/n/snystrom/br-cut-n-run-all/Data/fly_factor_survey_id.meme	br-Z3_FlyReg	chr2R:12958885-12959084	1819	2.63639	fp
/pine/scr/s/n/snystrom/br-cut-n-run-all/Data/fly_factor_survey_id.meme	br-Z3_FlyReg	chr3L:24612720-24612919	2620	2.62801	fp
/pine/scr/s/n/snystrom/br-cut-n-run-all/Data/fly_factor_survey_id.meme	br-Z3_FlyReg	chr3R:23723389-23723588	2250	2.6234	fp
/pine/scr/s/n/snystrom/br-cut-n-run-all/Data/fly_factor_survey_id.meme	br-Z3_FlyReg	chr3R:20254052-20254251	877	2.62198	tp
/pine/scr/s/n/snystrom/br-cut-n-run-all/Data/fly_factor_survey_id.meme	br-Z3_FlyReg	chr2R:11188633-11188832	1804	2.61729	fp
/pine/scr/s/n/snystrom/br-cut-n-run-all/Data/fly_factor_survey_id.meme	br-Z3_FlyReg	chrX:16426982-16427181	1080	2.61353	tp
/pine/scr/s/n/snystrom/br-cut-n-run-all/Data/fly_factor_survey_id.meme	br-Z3_FlyReg	chr2R:25268871-25269070	1427	2.60715	fp
/pine/scr/s/n/snystrom/br-cut-n-run-all/Data/fly_factor_survey_id.meme	br-Z3_FlyReg	chr3R:13524786-13524985	827	2.5999	tp
/pine/scr/s/n/snystrom/br-cut-n-run-all/Data/fly_factor_survey_id.meme	br-Z3_FlyReg	chrX:2050327-2050526	2309	2.59879	fp
/pine/scr/s/n/snystrom/br-cut-n-run-all/Data/fly_factor_survey_id.meme	br-Z3_FlyReg	chr2R:12996416-12996615	477	2.59569	tp
/pine/scr/s/n/snystrom/br-cut-n-run-all/Data/fly_factor_survey_id.meme	br-Z3_FlyReg	chr2R:18503954-18504153	524	2.59356	tp
/pine/scr/s/n/snystrom/br-cut-n-run-all/Data/fly_factor_survey_id.meme	br-Z3_FlyReg	chr2L:6088426-6088625	1676	2.59175	fp
/pine/scr/s/n/snystrom/br-cut-n-run-all/Data/fly_factor_survey_id.meme	br-Z3_FlyReg	chr2L:4222592-4222791	315	2.58868	tp
/pine/scr/s/n/snystrom/br-cut-n-run-all/Data/fly_factor_survey_id.meme	br-Z3_FlyReg	chr3L:10776434-10776633	2000	2.58783	fp
/pine/scr/s/n/snystrom/br-cut-n-run-all/Data/fly_factor_survey_id.meme	br-Z3_FlyReg	chr3R:19187389-19187588	871	2.58388	tp
/pine/scr/s/n/snystrom/br-cut-n-run-all/Data/fly_factor_survey_id.meme	br-Z3_FlyReg	chr3R:9594784-9594983	801	2.58322	tp
/pine/scr/s/n/snystrom/br-cut-n-run-all/Data/fly_factor_survey_id.meme	br-Z3_FlyReg	chr3R:8846456-8846655	2137	2.5824	fp
/pine/scr/s/n/snystrom/br-cut-n-run-all/Data/fly_factor_survey_id.meme	br-Z3_FlyReg	chr3R:14716270-14716469	2637	2.57026	fp
/pine/scr/s/n/snystrom/br-cut-n-run-all/Data/fly_factor_survey_id.meme	br-Z3_FlyReg	chr2R:24896042-24896241	569	2.56477	tp
/pine/scr/s/n/snystrom/br-cut-n-run-all/Data/fly_factor_survey_id.meme	br-Z3_FlyReg	chr3L:27068593-27068792	248	2.55201	tp
/pine/scr/s/n/snystrom/br-cut-n-run-all/Data/fly_factor_survey_id.meme	br-Z3_FlyReg	chr3R:30285067-30285266	170	2.55095	tp
/pine/scr/s/n/snystrom/br-cut-n-run-all/Data/fly_factor_survey_id.meme	br-Z3_FlyReg	chr3L:26939617-26939816	1481	2.54462	fp
/pine/scr/s/n/snystrom/br-cut-n-run-all/Data/fly_factor_survey_id.meme	br-Z3_FlyReg	chr3L:18148837-18149036	2063	2.54033	fp
/pine/scr/s/n/snystrom/br-cut-n-run-all/Data/fly_factor_survey_id.meme	br-Z3_FlyReg	chr2R:12589521-12589720	464	2.53995	tp
/pine/scr/s/n/snystrom/br-cut-n-run-all/Data/fly_factor_survey_id.meme	br-Z3_FlyReg	chrX:1966323-1966522	953	2.5293	tp
/pine/scr/s/n/snystrom/br-cut-n-run-all/Data/fly_factor_survey_id.meme	br-Z3_FlyReg	chr3L:18243856-18244055	2070	2.51921	fp
/pine/scr/s/n/snystrom/br-cut-n-run-all/Data/fly_factor_survey_id.meme	br-Z3_FlyReg	chrX:10120810-10121009	203	2.51871	tp
/pine/scr/s/n/snystrom/br-cut-n-run-all/Data/fly_factor_survey_id.meme	br-Z3_FlyReg	chr2R:24942895-24943094	1921	2.51722	fp
/pine/scr/s/n/snystrom/br-cut-n-run-all/Data/fly_factor_survey_id.meme	br-Z3_FlyReg	chr3R:29210691-29210890	167	2.5115	tp
/pine/scr/s/n/snystrom/br-cut-n-run-all/Data/fly_factor_survey_id.meme	br-Z3_FlyReg	chr3R:10617003-10617202	2161	2.50758	fp
/pine/scr/s/n/snystrom/br-cut-n-run-all/Data/fly_factor_survey_id.meme	br-Z3_FlyReg	chr2L:3632423-3632622	1661	2.50467	fp
/pine/scr/s/n/snystrom/br-cut-n-run-all/Data/fly_factor_survey_id.meme	br-Z3_FlyReg	chr3R:10518437-10518636	2157	2.50307	fp
/pine/scr/s/n/snystrom/br-cut-n-run-all/Data/fly_factor_survey_id.meme	br-Z3_FlyReg	chr2R:6156483-6156682	413	2.50184	tp
/pine/scr/s/n/snystrom/br-cut-n-run-all/Data/fly_factor_survey_id.meme	br-Z3_FlyReg	chr3L:4719793-4719992	607	2.49736	tp
/pine/scr/s/n/snystrom/br-cut-n-run-all/Data/fly_factor_survey_id.meme	br-Z3_FlyReg	chr3R:26954226-26954425	2264	2.49708	fp
/pine/scr/s/n/snystrom/br-cut-n-run-all/Data/fly_factor_survey_id.meme	br-Z3_FlyReg	chr3R:9033882-9034081	2146	2.49189	fp
/pine/scr/s/n/snystrom/br-cut-n-run-all/Data/fly_factor_survey_id.meme	br-Z3_FlyReg	chr2R:20618067-20618266	1416	2.48652	fp
/pine/scr/s/n/snystrom/br-cut-n-run-all/Data/fly_factor_survey_id.meme	br-Z3_FlyReg	chr2L:2196598-2196797	1655	2.48337	fp
/pine/scr/s/n/snystrom/br-cut-n-run-all/Data/fly_factor_survey_id.meme	br-Z3_FlyReg	chr3L:24683387-24683586	2103	2.48044	fp
/pine/scr/s/n/snystrom/br-cut-n-run-all/Data/fly_factor_survey_id.meme	br-Z3_FlyReg	chr4:507332-507531	1524	2.47892	fp
/pine/scr/s/n/snystrom/br-cut-n-run-all/Data/fly_factor_survey_id.meme	br-Z3_FlyReg	chrX:12047711-12047910	2404	2.47838	fp
/pine/scr/s/n/snystrom/br-cut-n-run-all/Data/fly_factor_survey_id.meme	br-Z3_FlyReg	chr3L:27072009-27072208	1600	2.47793	fp
/pine/scr/s/n/snystrom/br-cut-n-run-all/Data/fly_factor_survey_id.meme	br-Z3_FlyReg	chr2L:5300257-5300456	322	2.47632	tp
/pine/scr/s/n/snystrom/br-cut-n-run-all/Data/fly_factor_survey_id.meme	br-Z3_FlyReg	chrX:10742387-10742586	2689	2.47595	fp
/pine/scr/s/n/snystrom/br-cut-n-run-all/Data/fly_factor_survey_id.meme	br-Z3_FlyReg	chr2L:4287041-4287240	316	2.47474	tp
/pine/scr/s/n/snystrom/br-cut-n-run-all/Data/fly_factor_survey_id.meme	br-Z3_FlyReg	chr3L:8668234-8668433	1983	2.47181	fp
/pine/scr/s/n/snystrom/br-cut-n-run-all/Data/fly_factor_survey_id.meme	br-Z3_FlyReg	chrX:11914926-11915125	204	2.46583	tp
/pine/scr/s/n/snystrom/br-cut-n-run-all/Data/fly_factor_survey_id.meme	br-Z3_FlyReg	chr3L:8384698-8384897	629	2.46304	tp
/pine/scr/s/n/snystrom/br-cut-n-run-all/Data/fly_factor_survey_id.meme	br-Z3_FlyReg	chrX:4424104-4424303	995	2.46126	tp
/pine/scr/s/n/snystrom/br-cut-n-run-all/Data/fly_factor_survey_id.meme	br-Z3_FlyReg	chr3L:10206015-10206214	638	2.45471	tp
/pine/scr/s/n/snystrom/br-cut-n-run-all/Data/fly_factor_survey_id.meme	br-Z3_FlyReg	chr2R:11365144-11365343	1194	2.45188	tp
/pine/scr/s/n/snystrom/br-cut-n-run-all/Data/fly_factor_survey_id.meme	br-Z3_FlyReg	chr2L:16269533-16269732	31	2.45148	tp
/pine/scr/s/n/snystrom/br-cut-n-run-all/Data/fly_factor_survey_id.meme	br-Z3_FlyReg	chr3L:271188-271387	1428	2.43473	fp
/pine/scr/s/n/snystrom/br-cut-n-run-all/Data/fly_factor_survey_id.meme	br-Z3_FlyReg	chr2R:14008472-14008671	1201	2.42911	tp
/pine/scr/s/n/snystrom/br-cut-n-run-all/Data/fly_factor_survey_id.meme	br-Z3_FlyReg	chrX:11779064-11779263	2397	2.42866	fp
/pine/scr/s/n/snystrom/br-cut-n-run-all/Data/fly_factor_survey_id.meme	br-Z3_FlyReg	chrX:1840616-1840815	2673	2.42501	fp
/pine/scr/s/n/snystrom/br-cut-n-run-all/Data/fly_factor_survey_id.meme	br-Z3_FlyReg	chr3R:6198920-6199119	2119	2.42299	fp
/pine/scr/s/n/snystrom/br-cut-n-run-all/Data/fly_factor_survey_id.meme	br-Z3_FlyReg	chrX:17828554-17828753	1090	2.42227	tp
/pine/scr/s/n/snystrom/br-cut-n-run-all/Data/fly_factor_survey_id.meme	br-Z3_FlyReg	chr3L:10328711-10328910	1991	2.41949	fp
/pine/scr/s/n/snystrom/br-cut-n-run-all/Data/fly_factor_survey_id.meme	br-Z3_FlyReg	chrX:1617103-1617302	255	2.41816	tp
/pine/scr/s/n/snystrom/br-cut-n-run-all/Data/fly_factor_survey_id.meme	br-Z3_FlyReg	chr2R:18799396-18799595	527	2.41516	tp
/pine/scr/s/n/snystrom/br-cut-n-run-all/Data/fly_factor_survey_id.meme	br-Z3_FlyReg	chr3L:24647551-24647750	2101	2.4088	fp
/pine/scr/s/n/snystrom/br-cut-n-run-all/Data/fly_factor_survey_id.meme	br-Z3_FlyReg	chr2R:14986787-14986986	492	2.40854	tp
/pine/scr/s/n/snystrom/br-cut-n-run-all/Data/fly_factor_survey_id.meme	br-Z3_FlyReg	chrX:21124392-21124591	1117	2.40785	tp
/pine/scr/s/n/snystrom/br-cut-n-run-all/Data/fly_factor_survey_id.meme	br-Z3_FlyReg	chr2R:15513494-15513693	499	2.40635	tp
/pine/scr/s/n/snystrom/br-cut-n-run-all/Data/fly_factor_survey_id.meme	br-Z3_FlyReg	chr3L:7134044-7134243	621	2.40533	tp
/pine/scr/s/n/snystrom/br-cut-n-run-all/Data/fly_factor_survey_id.meme	br-Z3_FlyReg	chr3L:24594647-24594846	238	2.40228	tp
/pine/scr/s/n/snystrom/br-cut-n-run-all/Data/fly_factor_survey_id.meme	br-Z3_FlyReg	chrX:9204092-9204291	199	2.39797	tp
/pine/scr/s/n/snystrom/br-cut-n-run-all/Data/fly_factor_survey_id.meme	br-Z3_FlyReg	chr3L:26878820-26879019	223	2.3939	tp
/pine/scr/s/n/snystrom/br-cut-n-run-all/Data/fly_factor_survey_id.meme	br-Z3_FlyReg	chr3L:19903235-19903434	2082	2.39308	fp
/pine/scr/s/n/snystrom/br-cut-n-run-all/Data/fly_factor_survey_id.meme	br-Z3_FlyReg	chr2L:14256270-14256469	357	2.39012	tp
/pine/scr/s/n/snystrom/br-cut-n-run-all/Data/fly_factor_survey_id.meme	br-Z3_FlyReg	chr3L:3257773-3257972	600	2.37906	tp
/pine/scr/s/n/snystrom/br-cut-n-run-all/Data/fly_factor_survey_id.meme	br-Z3_FlyReg	chr3L:10775890-10776089	1999	2.37606	fp
/pine/scr/s/n/snystrom/br-cut-n-run-all/Data/fly_factor_survey_id.meme	br-Z3_FlyReg	chr3R:23049065-23049264	2243	2.376	fp
/pine/scr/s/n/snystrom/br-cut-n-run-all/Data/fly_factor_survey_id.meme	br-Z3_FlyReg	chr3R:25472344-25472543	906	2.37586	tp
/pine/scr/s/n/snystrom/br-cut-n-run-all/Data/fly_factor_survey_id.meme	br-Z3_FlyReg	chr3L:8014049-8014248	625	2.37317	tp
/pine/scr/s/n/snystrom/br-cut-n-run-all/Data/fly_factor_survey_id.meme	br-Z3_FlyReg	chrX:3780004-3780203	989	2.36883	tp
/pine/scr/s/n/snystrom/br-cut-n-run-all/Data/fly_factor_survey_id.meme	br-Z3_FlyReg	chr2L:715101-715300	17	2.36629	tp
/pine/scr/s/n/snystrom/br-cut-n-run-all/Data/fly_factor_survey_id.meme	br-Z3_FlyReg	chrX:6540656-6540855	2363	2.36438	fp
/pine/scr/s/n/snystrom/br-cut-n-run-all/Data/fly_factor_survey_id.meme	br-Z3_FlyReg	chr3L:24607130-24607329	1356	2.36343	fp
/pine/scr/s/n/snystrom/br-cut-n-run-all/Data/fly_factor_survey_id.meme	br-Z3_FlyReg	chrX:3833137-3833336	182	2.36322	tp
/pine/scr/s/n/snystrom/br-cut-n-run-all/Data/fly_factor_survey_id.meme	br-Z3_FlyReg	chr3R:29520119-29520318	927	2.35078	tp
/pine/scr/s/n/snystrom/br-cut-n-run-all/Data/fly_factor_survey_id.meme	br-Z3_FlyReg	chr3L:14202430-14202629	681	2.34983	tp
/pine/scr/s/n/snystrom/br-cut-n-run-all/Data/fly_factor_survey_id.meme	br-Z3_FlyReg	chr3L:27072009-27072208	249	2.3482	tp
/pine/scr/s/n/snystrom/br-cut-n-run-all/Data/fly_factor_survey_id.meme	br-Z3_FlyReg	chr2L:13665619-13665818	356	2.34567	tp
/pine/scr/s/n/snystrom/br-cut-n-run-all/Data/fly_factor_survey_id.meme	br-Z3_FlyReg	chr3R:21613390-21613589	2651	2.33892	fp
/pine/scr/s/n/snystrom/br-cut-n-run-all/Data/fly_factor_survey_id.meme	br-Z3_FlyReg	chr3L:24674491-24674690	244	2.33353	tp
/pine/scr/s/n/snystrom/br-cut-n-run-all/Data/fly_factor_survey_id.meme	br-Z3_FlyReg	chr2R:16594179-16594378	2557	2.32967	fp
/pine/scr/s/n/snystrom/br-cut-n-run-all/Data/fly_factor_survey_id.meme	br-Z3_FlyReg	chr3L:11206433-11206632	2010	2.32959	fp
/pine/scr/s/n/snystrom/br-cut-n-run-all/Data/fly_factor_survey_id.meme	br-Z3_FlyReg	chr3L:5577474-5577673	609	2.32474	tp
/pine/scr/s/n/snystrom/br-cut-n-run-all/Data/fly_factor_survey_id.meme	br-Z3_FlyReg	chr3R:7963652-7963851	1279	2.3245	tp
/pine/scr/s/n/snystrom/br-cut-n-run-all/Data/fly_factor_survey_id.meme	br-Z3_FlyReg	chr3L:24619461-24619660	749	2.30949	tp
/pine/scr/s/n/snystrom/br-cut-n-run-all/Data/fly_factor_survey_id.meme	br-Z3_FlyReg	chr3R:16253039-16253238	2211	2.30738	fp
/pine/scr/s/n/snystrom/br-cut-n-run-all/Data/fly_factor_survey_id.meme	br-Z3_FlyReg	chr2L:22134087-22134286	404	2.3036	tp
/pine/scr/s/n/snystrom/br-cut-n-run-all/Data/fly_factor_survey_id.meme	br-Z3_FlyReg	chr3R:20257415-20257614	1508	2.29605	fp
/pine/scr/s/n/snystrom/br-cut-n-run-all/Data/fly_factor_survey_id.meme	br-Z3_FlyReg	chrX:759051-759250	944	2.29283	tp
/pine/scr/s/n/snystrom/br-cut-n-run-all/Data/fly_factor_survey_id.meme	br-Z3_FlyReg	chr3R:5043246-5043445	1483	2.28959	fp
