Query_ID	Target_ID	Optimal_offset	p-value	E-value	q-value	Overlap	Query_consensus	Target_consensus	Orientation
AATAATAA	bab1_FlyReg	0	0.000286511	0.174199	0.326304	8	AATAATAA	AATAATAATA	-
AATAATAA	ap_FlyReg	-2	0.00413433	2.51367	0.591738	6	AATAATAA	TAATTA	+
AATAATAA	Pph13_Cell	0	0.00419193	2.54869	0.591738	8	AATAATAA	ACTAATTA	+
AATAATAA	jigr1_SANGER_5	0	0.00430908	2.61992	0.591738	8	AATAATAA	AATAAAAAAAA	+
AATAATAA	So_Cell	0	0.00657126	3.99533	0.591738	7	AATAATAA	AATGATA	+
AATAATAA	Antp_FlyReg	-1	0.00824933	5.01559	0.591738	6	AATAATAA	ATAATT	+
AATAATAA	br-Z4_FlyReg	0	0.00860181	5.2299	0.591738	6	AATAATAA	ACTAAT	+
AATAATAA	hb_FlyReg	-1	0.0101679	6.1821	0.591738	7	AATAATAA	ATAAAAAA	-
AATAATAA	zen_FlyReg	0	0.0120261	7.31188	0.591738	8	AATAATAA	AATTTTAATG	-
AATAATAA	Hgtx_SOLEXA	0	0.0145403	8.84053	0.591738	8	AATAATAA	TTTAATTA	+
AATAATAA	eve_FlyReg	1	0.0164258	9.98687	0.591738	8	AATAATAA	AAATAATTAACG	-

# Tomtom (Motif Comparison Tool): Version 5.1.1 compiled on Feb 17 2020 at 11:59:03
# The format of this file is described at http://meme-suite.org//doc/tomtom-output-format.html.
# tomtom -oc inst/extdata/fasta_ex/fa1_vs_shuffle/tomtom -thresh 10 -min-overlap 5 -dist pearson -evalue inst/extdata/fasta_ex/fa1_vs_shuffle/dreme.txt inst/extdata/db/fly_factor_survey_id.meme
